age,gender,major,monthly_income,stationary,food,shoping,friends,entertainment,personal,other,mode,spent
19,1,Psychology,1916,282.0,370.0,1595.25,738,82,780,144,1,3991.25
24,1,Economics,2012,378.0,456.25,1253.25,510,148,920,136,1,3801.5
24,1,Economics,1468,148.5,275.0,1498.5,822,260,230,266,0,3500.0
23,1,Computer Science,1234,334.5,361.25,1467.0,684,198,300,110,1,3454.75
20,1,Computer Science,1620,291.0,465.0,1856.25,1008,96,710,208,1,4634.25
25,1,Computer Science,1046,196.5,482.5,929.25,732,146,380,198,1,3064.25
23,1,Engineering,2708,319.5,497.5,1827.0,606,42,380,96,0,3768.0
23,1,Economics,1262,376.5,336.25,1284.75,552,74,900,124,1,3647.5
22,0,Computer Science,2804,232.5,442.5,1347.75,492,246,410,388,1,3558.75
18,1,Computer Science,2846,184.5,311.25,1408.5,702,102,740,392,1,3840.25
23,0,Biology,1524,274.5,327.5,1485.0,348,196,210,100,0,2941.0
25,0,Engineering,2136,342.0,303.75,1651.5,1200,114,570,292,0,4473.25
21,0,Economics,1438,189.0,350.0,2011.5,720,82,500,228,0,4080.5
19,1,Biology,2352,411.0,292.5,1408.5,300,40,770,206,1,3428.0
24,1,Economics,2992,138.0,188.75,1478.25,378,248,640,234,0,3305.0
22,0,Computer Science,2454,262.5,410.0,1989.0,1002,222,960,218,0,5063.5
23,1,Psychology,2838,211.5,451.25,1986.75,1200,152,220,152,0,4373.5
21,1,Computer Science,2908,282.0,446.25,1696.5,660,66,240,92,1,3482.75
19,1,Psychology,2974,76.5,365.0,1986.75,414,150,600,328,1,3920.25
20,1,Engineering,2314,324.0,245.0,1993.5,786,114,390,348,1,4200.5
19,0,Psychology,2360,100.5,317.5,1343.25,1170,102,210,92,0,3335.25
24,0,Computer Science,1032,423.0,357.5,1831.5,1080,110,250,368,1,4420.0
18,0,Biology,2450,441.0,198.75,1064.25,804,74,860,86,0,3528.0
24,0,Economics,1164,214.5,435.0,947.25,828,124,850,120,0,3518.75
19,1,Economics,2124,114.0,297.5,1644.75,618,222,950,166,1,4012.25
25,1,Biology,2108,316.5,500.0,1775.25,486,190,740,272,1,4279.75
20,0,Economics,1334,432.0,216.25,1714.5,1110,106,380,274,1,4232.75
20,1,Psychology,1592,390.0,363.75,1494.0,1074,254,210,160,1,3945.75
24,1,Psychology,1810,211.5,203.75,999.0,786,264,310,256,1,3030.25
23,0,Engineering,1062,142.5,492.5,1669.5,1074,128,620,346,1,4472.5
23,0,Economics,2852,205.5,370.0,1523.25,660,292,210,52,1,3312.75
23,0,Psychology,2930,201.0,141.25,1053.0,1140,238,820,382,1,3975.25
24,1,Computer Science,1044,220.5,211.25,1935.0,798,246,480,300,1,4190.75
25,1,Economics,2676,366.0,406.25,1053.0,948,196,460,160,0,3589.25
23,0,Biology,2726,148.5,231.25,1563.75,996,232,680,322,1,4173.5
21,0,Biology,2656,306.0,317.5,1615.5,558,148,300,358,0,3603.0
22,0,Engineering,2700,423.0,465.0,1039.5,882,298,920,380,0,4407.5
23,1,Computer Science,2618,279.0,222.5,1350.0,888,176,780,344,0,4039.5
21,1,Biology,1930,373.5,311.25,1563.75,528,98,290,62,0,3226.5
20,1,Engineering,1200,100.5,386.25,1779.75,1068,44,290,210,1,3878.5
24,1,Engineering,1210,226.5,206.25,1469.25,1134,172,820,312,1,4340.0
25,0,Economics,1608,229.5,361.25,1163.25,882,250,430,254,0,3570.0
23,1,Economics,2548,373.5,171.25,1698.75,330,206,500,350,0,3629.5
23,0,Psychology,1018,396.0,488.75,1149.75,1152,114,850,282,0,4432.5
23,1,Economics,2570,345.0,316.25,1665.0,1092,64,920,78,0,4480.25
18,0,Computer Science,1858,274.5,255.0,1327.5,1176,258,800,110,0,4201.0
25,1,Psychology,2326,277.5,326.25,1235.25,516,204,210,176,0,2945.0
19,0,Psychology,2390,132.0,208.75,2070.0,342,226,600,212,1,3790.75
25,0,Psychology,2072,157.5,152.5,2065.5,516,124,880,274,0,4169.5
24,1,Economics,1176,297.0,203.75,1359.0,606,178,230,84,1,2957.75
20,1,Engineering,2754,280.5,443.75,1768.5,822,90,900,54,0,4358.75
21,1,Economics,2902,192.0,175.0,1487.25,402,62,480,256,0,3054.25
19,0,Computer Science,1338,112.5,241.25,1883.25,690,242,650,116,0,3935.0
18,0,Psychology,2588,106.5,143.75,1813.5,582,48,310,126,1,3129.75
24,0,Engineering,1882,219.0,465.0,2166.75,1182,64,860,396,1,5352.75
22,1,Engineering,2262,355.5,423.75,2083.5,852,290,930,316,0,5250.75
24,0,Computer Science,1708,199.5,278.75,1181.25,870,94,910,340,0,3873.5
20,0,Economics,2316,448.5,270.0,2160.0,1158,80,610,282,1,5008.5
25,0,Biology,1336,331.5,471.25,1048.5,966,120,800,172,1,3909.25
20,1,Biology,1390,300.0,380.0,1408.5,624,94,710,382,1,3898.5
20,0,Engineering,2750,223.5,165.0,936.0,1158,134,270,86,1,2972.5
23,1,Engineering,2168,211.5,287.5,1622.25,456,172,340,288,1,3377.25
18,1,Biology,1466,361.5,372.5,2198.25,984,170,780,336,0,5202.25
20,0,Economics,2122,115.5,462.5,1044.0,348,270,340,342,1,2922.0
19,1,Computer Science,2704,285.0,180.0,1073.25,492,218,840,160,1,3248.25
19,0,Biology,2184,385.5,187.5,2061.0,858,180,290,354,1,4316.0
24,0,Economics,1926,208.5,325.0,1986.75,474,270,640,148,1,4052.25
21,1,Engineering,2408,430.5,353.75,1098.0,666,230,560,48,0,3386.25
23,0,Engineering,2368,256.5,143.75,2115.0,1110,116,450,338,1,4529.25
22,0,Economics,1124,163.5,382.5,2218.5,630,180,990,68,1,4632.5
19,0,Economics,2436,360.0,292.5,1014.75,1014,210,210,76,1,3177.25
21,0,Computer Science,2470,342.0,487.5,1676.25,900,192,800,262,0,4659.75
23,1,Economics,2848,136.5,410.0,1539.0,708,286,880,108,0,4067.5
22,1,Biology,2352,159.0,381.25,1937.25,582,206,430,134,1,3829.5
25,1,Engineering,2668,354.0,225.0,1964.25,1116,46,610,66,1,4381.25
19,1,Computer Science,2884,157.5,191.25,1649.25,996,58,800,218,0,4070.0
22,0,Computer Science,1966,388.5,198.75,1458.0,768,248,970,268,0,4299.25
24,1,Computer Science,1828,91.5,186.25,1269.0,330,258,790,66,1,2990.75
22,1,Economics,1796,222.0,218.75,1953.0,774,228,740,154,0,4289.75
23,0,Economics,2328,298.5,413.75,1419.75,750,230,480,392,0,3984.0
18,1,Biology,2968,82.5,373.75,1165.5,444,208,870,386,1,3529.75
19,1,Biology,2254,289.5,481.25,1401.75,564,58,570,62,1,3426.5
24,0,Biology,2210,163.5,293.75,1892.25,984,288,1000,72,0,4693.5
19,0,Computer Science,2702,112.5,232.5,1525.5,1068,68,950,150,1,4106.5
22,1,Biology,1860,261.0,436.25,1102.5,324,160,510,82,1,2875.75
25,0,Computer Science,2692,234.0,470.0,1615.5,912,188,810,166,0,4395.5
25,0,Computer Science,2480,270.0,393.75,1390.5,1062,82,630,276,0,4104.25
25,1,Computer Science,1454,181.5,336.25,1890.0,714,264,400,250,0,4035.75
20,1,Economics,1244,396.0,292.5,969.75,1104,108,840,354,1,4064.25
23,0,Economics,1600,76.5,180.0,947.25,582,206,660,184,0,2835.75
18,1,Psychology,2398,357.0,325.0,1750.5,492,148,820,124,1,4016.5
19,0,Economics,2012,402.0,446.25,924.75,654,214,940,290,0,3871.0
23,1,Economics,2590,96.0,496.25,1779.75,864,118,790,226,1,4370.0
18,0,Economics,2444,94.5,158.75,1939.5,1080,182,900,244,1,4598.75
18,1,Computer Science,2768,127.5,296.25,1820.25,1044,42,720,208,1,4258.0
18,1,Engineering,2070,142.5,227.5,1710.0,342,238,210,238,1,3108.0
20,0,Economics,2790,121.5,322.5,1239.75,780,204,840,156,1,3663.75
18,1,Biology,1534,172.5,413.75,1755.0,1200,178,270,316,0,4305.25
24,1,Biology,1866,159.0,207.5,1770.75,816,224,630,58,0,3865.25
23,0,Psychology,1606,219.0,366.25,2094.75,324,284,580,82,1,3950.0
22,0,Psychology,2666,328.5,368.75,2184.75,306,182,940,100,0,4410.0
23,1,Psychology,2230,174.0,426.25,1840.5,816,230,220,212,1,3918.75
20,1,Psychology,1840,115.5,368.75,1431.0,858,240,960,356,0,4329.25
25,0,Psychology,1560,376.5,270.0,1707.75,594,40,380,194,0,3562.25
21,1,Psychology,1764,121.5,381.25,1248.75,618,224,280,394,1,3267.5
21,1,Computer Science,1918,330.0,450.0,1044.0,918,52,880,268,0,3942.0
25,1,Psychology,1496,301.5,441.25,1005.75,984,120,430,344,1,3626.5
21,0,Biology,1620,414.0,140.0,1669.5,1038,272,630,272,1,4435.5
20,0,Computer Science,1930,106.5,218.75,974.25,336,178,740,260,1,2813.5
24,0,Psychology,1568,210.0,145.0,1941.75,660,232,560,320,0,4068.75
22,0,Economics,1940,171.0,430.0,1530.0,936,240,790,312,1,4409.0
23,1,Economics,2698,132.0,256.25,1487.25,774,144,280,202,1,3275.5
19,1,Psychology,1520,94.5,335.0,1869.75,504,52,920,120,0,3895.25
21,1,Computer Science,1404,415.5,481.25,2038.5,636,296,410,232,0,4509.25
21,0,Engineering,1440,229.5,355.0,1487.25,570,186,210,128,1,3165.75
22,0,Biology,2572,273.0,428.75,2029.5,1164,148,620,224,1,4887.25
22,1,Engineering,2270,145.5,418.75,1415.25,1008,226,600,124,0,3937.5
18,0,Engineering,2060,312.0,482.5,1932.75,882,54,600,46,1,4309.25
21,1,Engineering,2530,94.5,152.5,1710.0,732,68,480,368,1,3605.0
24,1,Psychology,2350,94.5,362.5,999.0,1020,50,370,202,1,3098.0
23,1,Psychology,2166,385.5,295.0,1440.0,918,124,870,118,1,4150.5
24,0,Biology,2974,274.5,252.5,1721.25,876,290,230,88,1,3732.25
25,1,Computer Science,2654,280.5,347.5,1379.25,1074,298,380,208,0,3967.25
22,0,Economics,2190,364.5,316.25,1802.25,1002,146,330,196,1,4157.0
23,0,Biology,2920,237.0,471.25,1770.75,1056,234,780,86,1,4635.0
20,1,Engineering,2708,187.5,280.0,1158.75,720,142,460,354,0,3302.25
20,0,Biology,1672,289.5,376.25,1314.0,960,182,460,106,0,3687.75
22,0,Engineering,2424,180.0,500.0,2018.25,318,234,880,210,0,4340.25
20,1,Engineering,2966,412.5,227.5,1246.5,828,144,350,380,0,3588.5
22,1,Computer Science,1996,154.5,371.25,1161.0,576,258,780,126,1,3426.75
22,1,Biology,1770,189.0,396.25,2040.75,864,298,890,162,1,4840.0
25,0,Engineering,1452,165.0,221.25,1660.5,1170,184,770,100,0,4270.75
25,1,Psychology,2074,408.0,458.75,1082.25,780,112,570,44,1,3455.0
22,1,Engineering,2912,426.0,251.25,1649.25,564,246,340,194,1,3670.5
24,0,Economics,1352,340.5,168.75,1350.0,450,50,220,266,1,2845.25
24,1,Psychology,1142,208.5,166.25,954.0,894,58,580,218,1,3078.75
23,0,Computer Science,2426,247.5,307.5,1728.0,1176,104,680,80,1,4323.0
24,1,Psychology,2224,274.5,446.25,1120.5,1020,184,840,394,0,4279.25
18,1,Economics,2200,117.0,251.25,1334.25,1182,184,440,90,1,3598.5
21,0,Psychology,1052,295.5,198.75,1680.75,1098,134,210,216,0,3833.0
22,0,Computer Science,1902,142.5,197.5,1840.5,408,152,630,192,1,3562.5
23,0,Computer Science,2602,417.0,146.25,2022.75,306,44,220,300,0,3456.0
25,0,Psychology,2206,199.5,468.75,1521.0,894,152,330,338,1,3903.25
24,0,Computer Science,2166,352.5,138.75,1449.0,480,152,420,146,0,3138.25
23,1,Engineering,1720,175.5,293.75,1381.5,690,142,720,252,0,3654.75
18,0,Biology,2708,189.0,435.0,2180.25,450,98,930,356,0,4638.25
23,0,Biology,1754,78.0,276.25,1046.25,576,78,730,128,1,2912.5
21,0,Engineering,1298,300.0,280.0,2094.75,966,48,800,360,0,4848.75
24,0,Computer Science,1794,435.0,447.5,1797.75,750,160,230,92,0,3912.25
21,0,Psychology,2294,337.5,127.5,1307.25,1128,196,720,332,1,4148.25
23,0,Biology,2734,319.5,325.0,2061.0,468,290,710,398,1,4571.5
21,0,Computer Science,1294,321.0,186.25,1815.75,366,272,260,214,0,3435.0
21,1,Engineering,1312,142.5,411.25,2094.75,1128,240,920,396,1,5332.5
19,0,Economics,2262,177.0,410.0,1053.0,1062,52,690,240,1,3684.0
19,1,Psychology,2638,343.5,198.75,1523.25,438,280,380,62,0,3225.5
22,1,Economics,1834,415.5,160.0,976.5,1104,196,290,132,1,3274.0
19,1,Biology,1744,229.5,290.0,2124.0,996,116,640,172,1,4567.5
20,0,Economics,1802,445.5,368.75,1658.25,504,132,800,186,1,4094.5
18,0,Engineering,1072,166.5,318.75,1521.0,492,256,350,158,1,3262.25
25,1,Psychology,1012,120.0,313.75,2245.5,1050,164,820,112,1,4825.25
23,1,Economics,2402,298.5,363.75,1032.75,336,200,810,262,1,3303.0
25,1,Computer Science,2378,99.0,198.75,1833.75,474,226,680,74,0,3585.5
23,1,Economics,1092,79.5,352.5,1680.75,840,70,380,362,1,3764.75
19,1,Biology,2362,133.5,245.0,1257.75,822,92,600,400,0,3550.25
18,1,Economics,1620,147.0,425.0,1734.75,306,240,880,226,0,3958.75
19,0,Engineering,1710,261.0,500.0,1424.25,876,296,420,244,0,4021.25
23,0,Biology,2708,168.0,481.25,1419.75,960,68,320,120,0,3537.0
20,0,Psychology,2112,280.5,228.75,911.25,1164,122,660,44,0,3410.5
19,0,Economics,1240,427.5,303.75,1584.0,1182,270,830,394,1,4991.25
24,1,Economics,2414,361.5,251.25,1435.5,858,224,290,220,0,3640.25
21,1,Psychology,1242,417.0,248.75,2160.0,744,230,480,136,0,4415.75
25,1,Engineering,2066,388.5,130.0,1163.25,384,262,660,208,1,3195.75
19,1,Psychology,1444,400.5,127.5,1012.5,492,76,650,250,1,3008.5
20,0,Psychology,2608,450.0,225.0,1905.75,552,180,640,226,1,4178.75
21,0,Biology,1824,129.0,435.0,2229.75,1086,268,700,368,0,5215.75
23,0,Biology,1926,202.5,316.25,1750.5,630,248,460,320,0,3927.25
18,1,Engineering,2572,84.0,128.75,2081.25,774,100,930,210,1,4308.0
18,0,Economics,2208,135.0,452.5,1536.75,1110,158,910,128,0,4430.25
23,0,Economics,1394,163.5,492.5,1651.5,1152,160,730,390,0,4739.5
21,0,Engineering,2460,253.5,356.25,1215.0,594,202,570,86,0,3276.75
25,1,Engineering,2690,102.0,388.75,2067.75,798,298,660,324,1,4638.5
20,1,Biology,2822,328.5,188.75,1966.5,462,42,440,352,1,3779.75
24,1,Economics,2710,396.0,388.75,1388.25,474,70,730,328,0,3775.0
24,1,Economics,1216,238.5,420.0,1278.0,1116,164,890,284,1,4390.5
22,1,Biology,1132,433.5,450.0,1876.5,384,96,860,240,1,4340.0
25,1,Economics,2620,108.0,273.75,1883.25,360,164,510,342,1,3641.0
24,1,Biology,2708,298.5,418.75,1910.25,360,154,450,250,0,3841.5
23,0,Economics,2040,360.0,381.25,2121.75,936,246,530,126,0,4701.0
24,1,Engineering,2788,219.0,335.0,936.0,798,44,680,370,0,3382.0
22,1,Psychology,1908,294.0,198.75,1613.25,1170,276,260,170,0,3982.0
21,0,Biology,2896,154.5,213.75,1404.0,1032,118,890,316,1,4128.25
21,1,Biology,1936,193.5,135.0,1507.5,336,52,660,302,1,3186.0
19,0,Economics,2900,204.0,318.75,1901.25,534,220,850,220,1,4248.0
22,1,Computer Science,2632,343.5,191.25,2144.25,1074,210,660,274,0,4897.0
24,0,Computer Science,1808,301.5,387.5,1968.75,1182,182,830,202,0,5053.75
23,1,Computer Science,2976,237.0,140.0,1226.25,1158,42,640,172,0,3615.25
20,1,Psychology,1786,333.0,163.75,1055.25,1152,146,840,148,0,3838.0
21,0,Biology,1054,277.5,487.5,1536.75,1164,254,650,386,1,4755.75
24,0,Biology,1608,226.5,433.75,2085.75,1002,228,350,338,1,4664.0
25,1,Engineering,1094,220.5,205.0,1424.25,564,246,250,74,0,2983.75
19,1,Computer Science,1046,312.0,225.0,985.5,390,216,590,264,0,2982.5
24,1,Economics,2080,294.0,403.75,1577.25,582,186,620,128,0,3791.0
24,0,Computer Science,1836,93.0,141.25,1707.75,1086,198,810,398,0,4434.0
23,1,Biology,1008,298.5,296.25,2243.25,414,222,580,390,0,4444.0
24,1,Economics,2406,438.0,311.25,1930.5,942,264,940,98,0,4923.75
20,1,Psychology,1902,430.5,457.5,1019.25,726,142,650,244,1,3669.25
24,1,Psychology,1714,240.0,183.75,1320.75,756,234,850,286,1,3870.5
19,0,Psychology,1624,444.0,135.0,1674.0,1134,62,810,68,0,4327.0
18,0,Computer Science,1080,169.5,216.25,1678.5,882,278,290,236,1,3750.25
19,1,Psychology,1778,169.5,281.25,1514.25,678,296,400,350,0,3689.0
18,1,Psychology,1984,414.0,301.25,1199.25,504,130,810,102,1,3460.5
21,0,Biology,1520,129.0,363.75,1275.75,564,282,970,88,1,3672.5
25,0,Biology,2398,105.0,258.75,1199.25,738,208,760,384,0,3653.0
20,1,Biology,1156,87.0,173.75,1098.0,1008,210,920,184,0,3680.75
24,1,Economics,1988,118.5,178.75,1095.75,324,148,530,44,0,2439.0
18,0,Economics,1104,106.5,383.75,2108.25,462,42,520,154,1,3776.5
21,0,Computer Science,2888,187.5,495.0,1365.75,1134,152,800,156,1,4290.25
19,1,Psychology,2406,432.0,227.5,1471.5,648,294,380,256,1,3709.0
25,1,Computer Science,2962,238.5,196.25,2209.5,972,60,760,332,0,4768.25
25,0,Economics,1400,426.0,257.5,1903.5,648,140,230,284,0,3889.0
25,1,Economics,2174,174.0,193.75,1131.75,1116,62,310,400,1,3387.5
23,0,Economics,1344,91.5,191.25,978.75,1080,150,560,164,1,3215.5
21,0,Computer Science,1650,133.5,226.25,1325.25,324,226,550,352,0,3137.0
24,0,Computer Science,2066,343.5,467.5,1813.5,516,156,310,154,0,3760.5
25,0,Engineering,1548,406.5,405.0,2119.5,438,214,770,132,0,4485.0
23,0,Engineering,2730,181.5,331.25,2106.0,312,92,850,230,0,4102.75
25,1,Economics,1620,168.0,257.5,2110.5,1080,164,450,196,1,4426.0
22,0,Economics,1712,294.0,488.75,2175.75,672,86,710,278,1,4704.5
21,1,Psychology,1970,202.5,137.5,1082.25,846,206,420,392,1,3286.25
22,0,Biology,1838,87.0,148.75,1773.0,1020,248,340,370,0,3986.75
18,1,Biology,1274,339.0,425.0,1257.75,372,84,720,84,0,3281.75
20,0,Economics,1788,103.5,266.25,1550.25,762,232,500,102,0,3516.0
22,1,Economics,1748,355.5,373.75,1134.0,666,226,710,124,0,3589.25
22,1,Computer Science,1700,318.0,245.0,1748.25,612,196,750,212,1,4081.25
24,0,Engineering,1758,333.0,311.25,2072.25,1134,222,710,266,0,5048.5
24,1,Economics,1622,111.0,385.0,1788.75,636,252,230,304,1,3706.75
21,0,Computer Science,1618,325.5,232.5,1136.25,1056,140,810,182,0,3882.25
18,1,Psychology,1192,189.0,385.0,1275.75,324,298,460,42,0,2973.75
25,0,Economics,1712,297.0,426.25,1125.0,738,170,730,42,1,3528.25
25,0,Computer Science,1772,297.0,273.75,1521.0,366,198,950,376,1,3981.75
24,1,Psychology,2410,118.5,432.5,963.0,1140,74,280,266,1,3274.0
21,1,Biology,2706,228.0,426.25,1399.5,1188,212,440,342,0,4235.75
22,0,Computer Science,2536,153.0,125.0,2063.25,318,196,660,352,0,3867.25
23,0,Psychology,2224,399.0,235.0,1658.25,606,92,760,318,0,4068.25
20,1,Engineering,2412,180.0,453.75,1620.0,396,268,850,60,0,3827.75
24,0,Biology,2318,142.5,282.5,2004.75,330,92,580,176,1,3607.75
19,1,Biology,2500,199.5,381.25,1172.25,552,154,920,232,1,3611.0
20,1,Computer Science,2240,267.0,150.0,1507.5,780,104,710,126,1,3644.5
24,0,Computer Science,2554,364.5,467.5,1210.5,1098,160,740,92,0,4132.5
19,0,Psychology,2884,169.5,383.75,1208.25,942,120,390,230,1,3443.5
24,0,Biology,1552,328.5,447.5,1035.0,570,54,610,336,0,3381.0
21,1,Biology,1600,187.5,413.75,985.5,360,44,410,156,1,2556.75
18,1,Computer Science,2156,96.0,290.0,1140.75,1050,258,550,104,1,3488.75
20,0,Computer Science,2808,183.0,296.25,1710.0,624,56,820,112,1,3801.25
21,0,Psychology,2194,400.5,126.25,1005.75,750,238,580,188,1,3288.5
22,0,Biology,1670,364.5,475.0,1876.5,570,78,510,220,1,4094.0
18,1,Economics,1510,346.5,376.25,1845.0,756,154,710,222,0,4409.75
19,0,Engineering,2174,265.5,166.25,1962.0,516,146,630,64,1,3749.75
23,0,Computer Science,1862,144.0,411.25,1431.0,1122,282,960,242,0,4592.25
20,1,Psychology,1966,384.0,437.5,1712.25,1062,122,730,358,0,4805.75
21,1,Engineering,1278,312.0,217.5,1521.0,642,142,480,338,1,3652.5
20,0,Engineering,1054,430.5,265.0,2162.25,360,114,310,80,1,3721.75
24,0,Computer Science,1488,295.5,167.5,1919.25,690,214,730,68,1,4084.25
21,0,Economics,2236,400.5,358.75,2151.0,672,130,920,100,1,4732.25
22,0,Engineering,2552,406.5,155.0,2182.5,582,192,810,84,0,4412.0
25,1,Engineering,1760,438.0,363.75,2031.75,600,216,550,102,0,4301.5
23,0,Engineering,2848,234.0,175.0,1921.5,870,70,360,306,1,3936.5
22,1,Psychology,2552,447.0,422.5,1766.25,864,182,640,218,1,4539.75
19,0,Computer Science,1394,133.5,342.5,1854.0,1200,112,310,192,1,4144.0
23,0,Computer Science,2758,316.5,142.5,2128.5,858,184,200,220,1,4049.5
20,1,Computer Science,2932,87.0,353.75,1570.5,810,270,960,170,0,4221.25
24,0,Biology,2252,79.5,323.75,1086.75,378,114,430,172,0,2584.0
23,1,Biology,2252,126.0,257.5,2250.0,810,140,950,146,0,4679.5
21,0,Biology,1236,303.0,240.0,1032.75,870,172,810,226,0,3653.75
22,0,Biology,1570,138.0,306.25,915.75,384,94,820,368,1,3026.0
18,0,Computer Science,1540,139.5,213.75,1053.0,624,150,220,364,0,2764.25
25,0,Psychology,2862,286.5,471.25,1188.0,930,298,560,346,1,4079.75
18,1,Biology,2676,262.5,125.0,1757.25,834,258,240,274,0,3750.75
25,1,Psychology,2242,255.0,453.75,915.75,606,120,300,248,1,2898.5
24,1,Engineering,2490,132.0,243.75,2124.0,642,158,950,244,0,4493.75
20,1,Computer Science,1496,399.0,125.0,2067.75,852,154,600,174,1,4371.75
20,1,Biology,2778,351.0,190.0,1824.75,546,164,330,62,1,3467.75
19,1,Engineering,2244,201.0,456.25,1890.0,624,128,980,336,1,4615.25
23,0,Psychology,2226,118.5,436.25,1739.25,1068,270,780,254,0,4666.0
20,1,Economics,1758,420.0,211.25,915.75,630,180,620,344,0,3321.0
18,0,Economics,2978,183.0,126.25,2072.25,1122,260,380,386,1,4529.5
22,1,Biology,1738,321.0,473.75,1696.5,762,222,640,210,0,4325.25
23,0,Psychology,2762,145.5,445.0,1404.0,390,110,840,102,1,3436.5
21,1,Biology,2650,345.0,337.5,1980.0,1200,242,970,314,0,5388.5
20,0,Psychology,1162,279.0,397.5,1008.0,684,258,850,200,0,3676.5
22,0,Engineering,1388,322.5,497.5,1557.0,552,50,920,56,1,3955.0
24,1,Economics,1230,94.5,250.0,906.75,654,290,790,306,1,3291.25
25,1,Economics,2788,211.5,277.5,1977.75,504,42,670,222,1,3904.75
25,1,Biology,1600,249.0,372.5,1863.0,564,254,810,142,0,4254.5
20,0,Psychology,1826,256.5,468.75,1503.0,1122,140,910,400,0,4800.25
19,0,Psychology,2486,109.5,132.5,1291.5,1140,170,970,164,1,3977.5
20,1,Economics,1310,199.5,337.5,1082.25,942,194,220,196,1,3171.25
18,0,Biology,1334,306.0,281.25,2038.5,738,162,360,274,1,4159.75
24,0,Economics,2916,397.5,411.25,1136.25,840,276,650,396,0,4107.0
22,1,Biology,1850,259.5,283.75,1190.25,306,264,240,148,1,2691.5
21,0,Economics,2210,228.0,385.0,938.25,1068,284,900,278,1,4081.25
18,0,Biology,1474,157.5,168.75,1705.5,960,130,800,224,0,4145.75
25,1,Computer Science,2990,319.5,227.5,1725.75,582,270,300,42,1,3466.75
20,0,Economics,2596,321.0,311.25,1613.25,378,144,400,52,1,3219.5
21,0,Psychology,2544,178.5,455.0,1822.5,540,64,670,300,1,4030.0
19,1,Biology,1022,175.5,251.25,2063.25,912,294,420,252,1,4368.0
21,1,Engineering,2322,319.5,476.25,1469.25,930,232,450,348,0,4225.0
21,0,Psychology,2224,432.0,365.0,1982.25,558,270,820,314,1,4741.25
25,0,Economics,1916,144.0,203.75,1473.75,468,300,540,352,0,3481.5
25,1,Engineering,2352,162.0,398.75,1383.75,558,92,960,74,0,3628.5
20,0,Engineering,1454,147.0,316.25,1282.5,456,110,490,194,0,2995.75
25,1,Biology,2966,417.0,170.0,1649.25,618,228,220,120,0,3422.25
24,0,Computer Science,1762,220.5,425.0,1928.25,996,68,320,76,0,4033.75
21,0,Engineering,2694,333.0,497.5,1264.5,804,86,560,68,1,3613.0
22,1,Psychology,1450,288.0,187.5,1849.5,366,266,890,190,1,4037.0
18,1,Biology,2000,369.0,242.5,1932.75,834,204,650,304,0,4536.25
24,1,Engineering,1590,171.0,282.5,1021.5,792,234,720,264,0,3485.0
18,0,Economics,1738,106.5,461.25,936.0,672,88,510,86,1,2859.75
24,1,Biology,1086,129.0,368.75,2196.0,918,214,360,344,0,4529.75
25,0,Economics,2940,259.5,222.5,1584.0,624,72,500,228,1,3490.0
19,1,Economics,1468,79.5,231.25,983.25,474,258,210,106,0,2342.0
20,1,Computer Science,1338,327.0,362.5,1323.0,1056,148,230,298,1,3744.5
19,1,Psychology,2672,355.5,335.0,1820.25,786,192,880,240,0,4608.75
21,1,Economics,2872,330.0,342.5,1683.0,534,68,790,226,1,3973.5
21,1,Engineering,2678,105.0,306.25,1145.25,678,202,470,82,1,2988.5
18,1,Biology,1218,408.0,325.0,2092.5,1068,196,830,104,0,5023.5
21,0,Economics,2072,355.5,257.5,958.5,1134,280,700,246,1,3931.5
25,1,Engineering,2618,394.5,321.25,2076.75,690,156,200,156,1,3994.5
25,0,Engineering,2942,114.0,426.25,1134.0,678,68,670,72,0,3162.25
19,0,Engineering,1316,297.0,365.0,1586.25,1032,40,500,42,1,3862.25
19,0,Engineering,1368,175.5,202.5,2144.25,642,128,540,336,1,4168.25
20,0,Computer Science,1814,94.5,190.0,1973.25,1020,88,470,374,0,4209.75
18,0,Computer Science,1692,171.0,320.0,2088.0,366,42,770,286,1,4043.0
18,1,Biology,2350,273.0,272.5,1120.5,486,52,600,48,0,2852.0
25,0,Biology,1318,244.5,177.5,1950.75,462,210,790,280,0,4114.75
18,1,Economics,2976,327.0,190.0,1012.5,720,182,810,78,0,3319.5
22,1,Psychology,2380,259.5,373.75,1086.75,1074,60,680,238,0,3772.0
19,1,Psychology,1484,184.5,156.25,1737.0,972,252,510,142,0,3953.75
23,0,Psychology,1828,187.5,218.75,1820.25,360,42,810,308,1,3746.5
19,0,Biology,2970,186.0,276.25,1464.75,1188,282,850,342,0,4589.0
20,1,Biology,1164,145.5,140.0,1624.5,1128,266,660,294,1,4258.0
19,0,Engineering,2936,181.5,143.75,1379.25,942,62,880,234,0,3822.5
25,1,Computer Science,2042,219.0,130.0,1152.0,1128,206,630,68,0,3533.0
24,0,Computer Science,1520,286.5,492.5,1849.5,528,100,480,162,1,3898.5
24,0,Economics,1938,447.0,420.0,2000.25,354,70,890,150,0,4331.25
23,1,Biology,1980,171.0,412.5,1336.5,534,108,720,250,1,3532.0
23,1,Engineering,2608,129.0,138.75,1975.5,990,246,410,54,0,3943.25
23,0,Biology,1610,427.5,318.75,920.25,606,98,450,258,1,3078.5
25,0,Engineering,2358,97.5,425.0,2142.0,708,242,510,354,0,4478.5
18,0,Computer Science,1146,235.5,286.25,1975.5,786,116,880,380,1,4659.25
25,1,Psychology,1686,99.0,282.5,1955.25,1176,164,980,296,1,4952.75
23,0,Biology,2170,232.5,212.5,1127.25,816,140,460,76,1,3064.25
23,1,Biology,1160,366.0,402.5,1590.75,1020,228,750,214,0,4571.25
25,1,Computer Science,1950,394.5,395.0,1559.25,1062,242,620,64,0,4336.75
23,0,Psychology,1204,343.5,472.5,1867.5,498,262,540,320,0,4303.5
23,1,Economics,2206,322.5,492.5,1509.75,726,224,470,230,0,3974.75
20,1,Psychology,1632,79.5,170.0,2135.25,990,118,300,64,1,3856.75
24,0,Engineering,2032,282.0,177.5,1363.5,324,212,640,168,0,3167.0
23,1,Engineering,1938,279.0,390.0,1161.0,1092,50,440,328,0,3740.0
21,0,Computer Science,1836,190.5,488.75,2135.25,486,242,640,318,1,4500.5
23,1,Computer Science,1964,133.5,198.75,1597.5,708,218,870,138,1,3863.75
25,0,Computer Science,2042,342.0,366.25,1766.25,516,64,460,144,0,3658.5
22,1,Psychology,1042,331.5,427.5,2061.0,1050,172,460,54,1,4556.0
24,1,Computer Science,2888,133.5,336.25,1030.5,420,144,500,260,1,2824.25
21,0,Psychology,1292,162.0,155.0,1849.5,444,104,970,96,1,3780.5
21,1,Economics,2592,447.0,265.0,1044.0,1104,144,530,270,1,3804.0
18,1,Economics,2720,115.5,205.0,1822.5,918,120,990,286,1,4457.0
19,1,Biology,2246,280.5,431.25,909.0,732,146,200,380,0,3078.75
18,1,Psychology,2040,400.5,153.75,1242.0,828,196,630,60,1,3510.25
21,1,Computer Science,1472,313.5,320.0,1671.75,1080,184,920,122,0,4611.25
23,0,Economics,1862,262.5,193.75,1102.5,876,158,950,278,0,3820.75
24,0,Psychology,2886,448.5,455.0,1831.5,1014,252,200,254,1,4455.0
22,0,Engineering,1460,318.0,287.5,1518.75,408,248,720,362,0,3862.25
25,1,Economics,1122,216.0,183.75,1757.25,528,110,950,112,1,3857.0
25,1,Economics,2424,238.5,472.5,1638.0,390,184,790,150,0,3863.0
25,1,Computer Science,2564,162.0,386.25,1336.5,726,116,910,240,0,3876.75
21,1,Biology,2876,373.5,490.0,1388.25,762,74,280,348,1,3715.75
18,1,Psychology,1404,447.0,296.25,1118.25,900,92,620,260,1,3733.5
20,0,Biology,2866,432.0,496.25,1325.25,306,270,1000,224,1,4053.5
25,1,Psychology,2888,390.0,258.75,1865.25,732,218,370,138,0,3972.0
22,1,Psychology,1072,129.0,407.5,929.25,624,198,690,314,0,3291.75
18,0,Engineering,2520,130.5,370.0,1433.25,516,100,540,274,0,3363.75
18,0,Biology,1402,228.0,421.25,2180.25,390,226,990,318,0,4753.5
18,1,Engineering,2618,228.0,213.75,1638.0,696,214,850,156,0,3995.75
18,0,Economics,1684,418.5,252.5,1064.25,936,240,810,156,1,3877.25
24,0,Computer Science,1234,384.0,288.75,1883.25,912,82,740,212,1,4502.0
21,0,Engineering,2268,298.5,462.5,1606.5,576,228,820,48,0,4039.5
23,0,Psychology,1984,87.0,233.75,1113.75,684,264,960,358,1,3700.5
18,0,Economics,2816,225.0,400.0,1073.25,468,300,810,48,1,3324.25
21,1,Biology,2736,171.0,417.5,911.25,354,46,670,44,1,2613.75
22,0,Economics,1432,324.0,447.5,1775.25,1116,156,740,218,0,4776.75
22,0,Psychology,2448,282.0,330.0,2106.0,330,252,470,52,1,3822.0
19,1,Biology,2698,220.5,132.5,947.25,960,78,890,86,0,3314.25
24,1,Engineering,1604,202.5,266.25,1629.0,570,206,700,246,0,3819.75
18,1,Psychology,1946,267.0,468.75,2054.25,1098,244,940,296,0,5368.0
19,1,Engineering,1472,418.5,427.5,1075.5,450,86,490,114,1,3061.5
22,0,Engineering,1142,412.5,226.25,1458.0,336,172,570,220,1,3394.75
25,1,Engineering,1666,301.5,183.75,1383.75,540,162,300,242,0,3113.0
22,1,Computer Science,1426,403.5,411.25,1332.0,720,92,530,306,1,3794.75
20,0,Economics,2536,387.0,330.0,1487.25,942,104,380,88,0,3718.25
19,0,Biology,1638,172.5,191.25,1930.5,1200,152,900,88,1,4634.25
18,0,Economics,2536,180.0,423.75,1086.75,954,110,220,156,0,3130.5
18,1,Engineering,2972,414.0,222.5,1487.25,384,160,690,52,1,3409.75
24,0,Computer Science,2010,300.0,327.5,1545.75,888,276,530,160,0,4027.25
25,1,Economics,2410,168.0,228.75,1334.25,852,154,590,156,1,3483.0
24,0,Engineering,2712,229.5,136.25,1680.75,1020,92,400,240,1,3798.5
22,0,Engineering,1634,213.0,477.5,1611.0,810,42,290,82,1,3525.5
22,0,Biology,1412,139.5,173.75,1966.5,1098,82,470,218,0,4147.75
18,0,Economics,2204,177.0,287.5,1505.25,732,82,740,280,0,3803.75
22,0,Engineering,2558,115.5,331.25,1059.75,888,136,370,314,0,3214.5
18,0,Economics,2914,250.5,468.75,2153.25,834,282,310,110,0,4408.5
21,1,Psychology,2612,415.5,407.5,1280.25,600,182,850,158,0,3893.25
25,0,Engineering,2618,435.0,386.25,1113.75,912,168,990,186,1,4191.0
19,0,Biology,2964,349.5,367.5,974.25,864,298,590,192,1,3635.25
23,0,Economics,2936,193.5,133.75,1266.75,444,238,240,346,1,2862.0
25,1,Economics,1738,237.0,483.75,1224.0,966,96,800,258,0,4064.75
18,0,Economics,1772,225.0,193.75,1818.0,1014,48,600,390,1,4288.75
19,1,Economics,2886,162.0,237.5,1149.75,912,176,610,206,1,3453.25
23,0,Biology,1532,357.0,317.5,1980.0,1044,100,480,194,0,4472.5
22,0,Biology,2806,85.5,413.75,1712.25,1074,194,670,112,0,4261.5
24,1,Engineering,2744,75.0,482.5,972.0,1104,130,830,122,0,3715.5
23,1,Biology,2856,406.5,415.0,1836.0,762,200,220,120,1,3959.5
19,0,Biology,2606,366.0,483.75,1149.75,1074,136,1000,308,0,4517.5
20,1,Economics,1144,177.0,450.0,985.5,432,160,450,60,0,2714.5
23,1,Economics,1116,169.5,228.75,1946.25,360,256,380,334,0,3674.5
23,1,Engineering,2098,78.0,145.0,1491.75,972,220,210,126,1,3242.75
18,1,Computer Science,1846,373.5,480.0,920.25,702,152,680,256,0,3563.75
18,1,Engineering,1242,433.5,315.0,1255.5,654,164,510,200,0,3532.0
21,0,Economics,1320,133.5,153.75,1644.75,528,134,640,52,1,3286.0
21,0,Biology,1056,150.0,158.75,2022.75,1104,42,550,268,1,4295.5
23,1,Psychology,1280,412.5,243.75,1154.25,864,66,630,180,1,3550.5
18,1,Computer Science,2854,204.0,280.0,1793.25,966,174,590,40,1,4047.25
18,0,Computer Science,1054,438.0,166.25,1197.0,804,124,500,254,0,3483.25
25,1,Psychology,2590,285.0,447.5,1719.0,852,242,770,226,0,4541.5
23,1,Economics,2438,276.0,210.0,1239.75,756,82,670,70,0,3303.75
24,1,Engineering,1918,229.5,397.5,1334.25,1128,300,890,204,0,4483.25
18,0,Biology,2966,154.5,410.0,1280.25,954,252,920,40,0,4010.75
19,1,Psychology,1292,132.0,386.25,1928.25,462,132,980,306,1,4326.5
23,0,Biology,1636,291.0,277.5,1489.5,960,56,980,332,1,4386.0
18,0,Engineering,2536,252.0,380.0,1086.75,714,68,950,344,1,3794.75
22,1,Biology,1126,192.0,311.25,2144.25,1086,108,540,244,1,4625.5
21,0,Psychology,2506,352.5,347.5,909.0,1068,116,690,202,1,3685.0
18,0,Engineering,1582,153.0,336.25,1413.0,696,110,580,272,0,3560.25
22,1,Psychology,1694,258.0,468.75,2247.75,990,88,510,250,0,4812.5
24,0,Economics,1336,264.0,350.0,1428.75,996,224,830,82,1,4174.75
24,0,Computer Science,2044,213.0,151.25,1872.0,822,108,650,340,0,4156.25
20,1,Economics,1450,328.5,453.75,990.0,510,48,730,66,0,3126.25
24,0,Biology,1466,318.0,267.5,960.75,426,272,730,314,0,3288.25
18,1,Engineering,1368,397.5,402.5,1989.0,840,40,990,328,1,4987.0
20,0,Psychology,1208,81.0,270.0,1399.5,846,180,980,274,1,4030.5
23,0,Engineering,2692,438.0,150.0,1797.75,750,280,470,148,1,4033.75
23,1,Biology,2928,255.0,455.0,1109.25,366,186,230,382,0,2983.25
18,0,Psychology,2516,292.5,462.5,1208.25,1170,168,570,142,0,4013.25
22,0,Economics,1850,259.5,283.75,1615.5,480,140,880,86,0,3744.75
18,0,Computer Science,1854,340.5,271.25,1683.0,876,194,460,76,1,3900.75
20,1,Engineering,2460,370.5,270.0,967.5,330,148,900,324,1,3310.0
23,1,Psychology,2874,82.5,468.75,1917.0,594,300,210,136,1,3708.25
21,1,Computer Science,1978,228.0,471.25,2067.75,954,230,400,352,0,4703.0
19,0,Biology,1820,441.0,456.25,949.5,984,292,340,48,0,3510.75
18,0,Computer Science,2646,352.5,461.25,1577.25,360,88,780,278,0,3897.0
20,1,Engineering,1336,424.5,303.75,1019.25,504,264,720,198,1,3433.5
25,1,Biology,2008,445.5,157.5,1878.75,1074,46,520,208,1,4329.75
21,1,Economics,2830,262.5,433.75,2175.75,684,200,300,240,0,4296.0
18,0,Engineering,1896,307.5,430.0,1827.0,666,278,940,86,0,4534.5
21,0,Biology,2020,90.0,445.0,2187.0,1020,134,540,200,1,4616.0
19,1,Biology,1746,249.0,138.75,951.75,720,232,680,60,1,3031.5
19,1,Computer Science,1842,259.5,265.0,1523.25,468,104,330,138,0,3087.75
19,1,Engineering,2918,442.5,373.75,1392.75,870,192,710,340,1,4321.0
25,0,Biology,1344,435.0,452.5,945.0,384,262,530,166,1,3174.5
23,1,Engineering,2922,168.0,150.0,1125.0,390,166,410,214,1,2623.0
24,0,Psychology,2984,307.5,292.5,1053.0,456,116,800,132,1,3157.0
19,0,Computer Science,1254,232.5,235.0,2108.25,1062,274,970,360,0,5241.75
23,0,Computer Science,1922,232.5,491.25,1757.25,336,128,860,96,1,3901.0
22,0,Engineering,1908,340.5,415.0,1494.0,1098,72,690,136,1,4245.5
20,0,Biology,2972,108.0,148.75,1703.25,810,228,470,272,1,3740.0
24,1,Psychology,2662,387.0,418.75,2135.25,750,188,940,254,1,5073.0
21,1,Computer Science,1102,91.5,418.75,2092.5,354,82,600,302,0,3940.75
18,0,Biology,2704,226.5,330.0,1615.5,1176,228,260,114,0,3950.0
22,1,Engineering,2874,325.5,398.75,1118.25,966,46,810,298,1,3962.5
25,1,Biology,2292,171.0,368.75,1590.75,762,194,300,48,1,3434.5
21,0,Biology,2682,393.0,455.0,1912.5,1098,258,260,260,1,4636.5
25,1,Biology,2662,132.0,193.75,1687.5,1104,174,720,106,1,4117.25
25,0,Computer Science,2390,267.0,322.5,1404.0,1098,244,910,188,1,4433.5
24,1,Psychology,2494,285.0,197.5,1435.5,1176,184,880,136,0,4294.0
25,1,Biology,1326,423.0,486.25,945.0,582,288,840,334,0,3898.25
23,1,Engineering,1722,312.0,178.75,2079.0,1140,228,820,142,0,4899.75
23,0,Economics,1136,349.5,375.0,1395.0,552,150,520,218,1,3559.5
20,1,Psychology,1604,397.5,223.75,1278.0,384,248,510,246,0,3287.25
24,0,Economics,1642,78.0,217.5,1617.75,798,152,650,78,0,3591.25
19,1,Computer Science,2018,234.0,375.0,1149.75,1134,300,540,92,0,3824.75
19,0,Computer Science,1052,81.0,268.75,2115.0,654,62,800,84,1,4064.75
22,1,Computer Science,1004,79.5,191.25,1064.25,324,184,500,140,1,2483.0
19,0,Biology,1720,175.5,253.75,1131.75,1026,58,310,392,1,3347.0
18,0,Economics,2840,415.5,210.0,1878.75,612,114,470,392,0,4092.25
21,1,Computer Science,1080,150.0,276.25,1464.75,810,42,390,366,1,3499.0
25,0,Psychology,1474,439.5,360.0,1264.5,372,206,890,324,1,3856.0
22,0,Psychology,1006,262.5,345.0,1896.75,1062,74,260,330,0,4230.25
22,1,Computer Science,1346,447.0,348.75,1863.0,570,194,210,324,1,3956.75
25,1,Psychology,1362,76.5,261.25,1908.0,708,224,830,344,0,4351.75
22,0,Computer Science,2712,357.0,433.75,1347.75,1200,154,650,392,1,4534.5
25,1,Computer Science,2124,286.5,372.5,2128.5,702,232,360,318,1,4399.5
18,0,Economics,2798,100.5,196.25,1581.75,1092,82,810,56,0,3918.5
19,1,Engineering,2804,130.5,381.25,1608.75,804,200,1000,288,0,4412.5
24,0,Engineering,2368,274.5,470.0,1102.5,1008,204,730,246,0,4035.0
21,0,Economics,1486,301.5,381.25,1678.5,306,110,740,182,0,3699.25
25,0,Biology,2768,360.0,357.5,1039.5,948,180,240,230,1,3355.0
20,0,Biology,1994,213.0,208.75,1325.25,780,48,700,114,1,3389.0
24,0,Engineering,1236,276.0,418.75,1408.5,708,44,750,130,1,3735.25
25,1,Psychology,2640,393.0,295.0,1257.75,732,190,610,130,0,3607.75
25,0,Computer Science,1918,243.0,461.25,904.5,402,212,240,174,0,2636.75
20,1,Psychology,1900,135.0,258.75,2061.0,582,84,780,96,1,3996.75
24,1,Economics,2572,162.0,328.75,2189.25,360,230,220,336,0,3826.0
19,1,Computer Science,1786,360.0,195.0,2207.25,846,250,590,52,0,4500.25
18,1,Psychology,2252,204.0,227.5,1404.0,600,172,660,60,0,3327.5
22,0,Biology,1358,220.5,225.0,1516.5,912,266,580,318,1,4038.0
25,0,Psychology,1606,214.5,178.75,1932.75,1038,284,960,60,0,4668.0
18,1,Biology,1328,345.0,266.25,2166.75,420,300,740,226,1,4464.0
18,0,Computer Science,3000,259.5,372.5,1737.0,1092,224,660,206,0,4551.0
22,0,Psychology,2010,169.5,197.5,1946.25,336,204,710,392,0,3955.25
22,1,Biology,1766,360.0,303.75,1689.75,1008,276,200,186,0,4023.5
18,0,Biology,2856,313.5,147.5,1849.5,1104,54,500,258,0,4226.5
21,0,Economics,1812,450.0,422.5,1604.25,756,172,460,244,0,4108.75
18,0,Computer Science,1982,123.0,393.75,1165.5,588,278,940,302,0,3790.25
23,1,Engineering,2492,333.0,465.0,1134.0,642,208,310,364,1,3456.0
22,1,Biology,2546,201.0,210.0,1995.75,1182,280,600,272,0,4740.75
22,0,Psychology,1760,399.0,131.25,933.75,1092,116,680,72,1,3424.0
24,0,Computer Science,2712,426.0,461.25,2027.25,936,228,760,204,0,5042.5
23,1,Economics,1832,259.5,311.25,924.75,942,138,710,378,0,3663.5
18,1,Economics,2118,252.0,218.75,1881.0,786,60,810,62,0,4069.75
24,1,Psychology,1882,349.5,267.5,1388.25,678,218,490,352,0,3743.25
24,0,Psychology,1528,244.5,177.5,1863.0,702,146,320,102,1,3555.0
25,0,Economics,1966,382.5,307.5,1379.25,756,292,200,394,0,3711.25
18,0,Biology,2590,258.0,140.0,1455.75,822,212,880,64,1,3831.75
22,1,Computer Science,2602,148.5,176.25,1167.75,342,152,700,398,0,3084.5
22,1,Biology,1658,429.0,182.5,1579.5,528,288,370,382,0,3759.0
22,1,Psychology,2592,84.0,183.75,1707.75,858,256,720,380,1,4189.5
21,0,Biology,2556,217.5,450.0,1154.25,486,96,700,280,1,3383.75
18,1,Biology,1450,88.5,211.25,1446.75,984,274,760,84,0,3848.5
20,0,Biology,1050,177.0,233.75,2000.25,510,48,850,216,0,4035.0
25,1,Biology,2012,292.5,208.75,1311.75,444,44,750,214,1,3265.0
20,0,Biology,1744,373.5,275.0,1057.5,1002,244,470,256,1,3678.0
20,1,Engineering,1098,175.5,337.5,920.25,396,122,750,60,1,2761.25
20,0,Engineering,1770,90.0,168.75,1633.5,360,138,270,358,0,3018.25
19,1,Computer Science,2394,156.0,225.0,1563.75,546,212,310,42,1,3054.75
25,0,Psychology,1078,159.0,261.25,1955.25,426,232,410,72,0,3515.5
22,0,Computer Science,1608,441.0,363.75,1298.25,1002,128,640,274,0,4147.0
25,0,Economics,2218,408.0,448.75,2128.5,738,176,270,250,1,4419.25
25,1,Computer Science,2252,322.5,467.5,1851.75,750,180,770,198,1,4539.75
22,1,Economics,1698,177.0,455.0,1867.5,678,120,350,384,0,4031.5
23,1,Psychology,1006,204.0,451.25,1566.0,726,282,600,144,1,3973.25
20,0,Biology,2586,201.0,405.0,2054.25,894,206,860,240,1,4860.25
20,0,Biology,1806,240.0,367.5,1129.5,462,192,230,146,1,2767.0
23,0,Psychology,2298,309.0,385.0,1131.75,1026,288,820,120,1,4079.75
20,0,Biology,2726,346.5,165.0,1206.0,822,214,910,144,1,3807.5
19,1,Engineering,2112,321.0,125.0,1334.25,942,226,500,400,0,3848.25
18,0,Engineering,2490,133.5,496.25,1881.0,816,220,290,372,1,4208.75
25,1,Computer Science,2298,243.0,376.25,1910.25,672,282,740,216,1,4439.5
19,1,Psychology,2452,238.5,437.5,1111.5,1152,68,520,124,0,3651.5
22,1,Engineering,1930,174.0,256.25,1048.5,1146,130,610,376,1,3740.75
21,0,Engineering,2676,226.5,223.75,1480.5,474,232,300,48,1,2984.75
20,0,Engineering,2828,255.0,232.5,1692.0,834,128,460,192,1,3793.5
24,1,Psychology,2464,96.0,310.0,1091.25,312,188,750,92,1,2839.25
18,0,Engineering,1056,139.5,357.5,1073.25,522,58,760,130,0,3040.25
22,0,Computer Science,2754,130.5,418.75,1084.5,798,66,570,196,1,3263.75
23,0,Computer Science,2156,316.5,310.0,1995.75,912,104,240,260,0,4138.25
20,0,Computer Science,1532,261.0,282.5,2020.5,360,172,220,222,0,3538.0
22,0,Engineering,2578,273.0,286.25,1190.25,354,70,640,154,0,2967.5
21,0,Economics,1774,90.0,386.25,1644.75,1164,218,860,280,0,4643.0
18,0,Biology,2080,295.5,257.5,2067.75,486,96,600,140,0,3942.75
21,1,Engineering,1880,93.0,440.0,2139.75,648,124,700,300,1,4444.75
25,0,Biology,1790,138.0,196.25,1100.25,564,42,230,226,1,2496.5
25,0,Psychology,2226,234.0,251.25,1199.25,798,292,610,174,0,3558.5
24,1,Biology,1964,319.5,330.0,1867.5,756,104,620,108,0,4105.0
22,0,Psychology,2802,420.0,413.75,1730.25,894,76,330,334,0,4198.0
18,0,Psychology,1544,76.5,448.75,1721.25,798,46,610,342,1,4042.5
20,0,Economics,1824,337.5,326.25,1095.75,1194,230,340,288,0,3811.5
23,1,Economics,1892,222.0,475.0,920.25,1074,162,590,192,0,3635.25
23,1,Biology,1668,324.0,158.75,1271.25,612,238,930,164,1,3698.0
24,0,Psychology,1390,163.5,425.0,985.5,462,126,240,164,0,2566.0
20,0,Biology,2958,381.0,297.5,1921.5,558,236,220,134,0,3748.0
21,0,Economics,1988,199.5,180.0,933.75,1032,82,880,398,1,3705.25
25,1,Biology,1686,289.5,157.5,1359.0,1170,214,530,144,1,3864.0
21,0,Biology,2824,154.5,368.75,2063.25,1146,44,850,280,1,4906.5
22,0,Computer Science,1454,232.5,406.25,1649.25,1092,84,810,352,1,4626.0
25,0,Computer Science,1244,399.0,362.5,1939.5,1200,42,440,154,1,4537.0
23,1,Computer Science,2784,252.0,358.75,2146.5,606,110,520,198,1,4191.25
19,0,Computer Science,2982,430.5,238.75,1782.0,864,162,360,372,0,4209.25
22,1,Engineering,2076,276.0,252.5,1779.75,558,210,480,320,1,3876.25
24,1,Biology,1708,370.5,311.25,2227.5,1188,270,270,134,1,4771.25
21,0,Biology,2830,412.5,317.5,1928.25,936,296,540,174,0,4604.25
18,0,Economics,2272,328.5,180.0,1444.5,726,298,800,292,1,4069.0
22,0,Computer Science,1942,75.0,203.75,2202.75,804,170,860,160,0,4475.5
20,1,Economics,2230,343.5,415.0,994.5,894,232,690,320,1,3889.0
20,0,Biology,1046,234.0,320.0,938.25,1128,210,770,82,0,3682.25
24,0,Psychology,1066,330.0,253.75,1912.5,996,182,340,276,1,4290.25
19,1,Psychology,2258,327.0,163.75,1554.75,882,76,380,200,0,3583.5
22,0,Economics,1478,162.0,351.25,2025.0,666,242,290,92,1,3828.25
18,1,Engineering,2198,405.0,358.75,2189.25,588,292,1000,258,1,5091.0
25,0,Psychology,1220,313.5,320.0,1995.75,342,168,760,208,1,4107.25
23,0,Biology,2610,267.0,342.5,1899.0,720,56,280,146,1,3710.5
23,1,Engineering,2526,202.5,176.25,1856.25,702,90,390,228,0,3645.0
23,1,Engineering,1312,391.5,215.0,1732.5,666,156,990,148,0,4299.0
22,1,Economics,1950,183.0,311.25,1692.0,558,250,560,100,1,3654.25
25,0,Computer Science,2918,364.5,177.5,2007.0,306,256,830,70,1,4011.0
25,0,Biology,2604,294.0,315.0,1262.25,528,168,270,242,1,3079.25
18,1,Computer Science,2230,295.5,327.5,1649.25,708,194,790,104,1,4068.25
24,1,Engineering,1632,81.0,226.25,1120.5,618,134,680,282,1,3141.75
24,1,Engineering,2716,324.0,170.0,1566.0,462,140,890,326,1,3878.0
20,1,Psychology,2108,286.5,332.5,2245.5,1020,274,1000,162,0,5320.5
24,1,Engineering,2744,316.5,327.5,1505.25,456,276,830,218,0,3929.25
24,1,Engineering,2202,436.5,426.25,951.75,930,222,750,104,1,3820.5
23,0,Engineering,2516,357.0,312.5,1676.25,726,202,600,226,0,4099.75
23,0,Biology,2798,174.0,361.25,1377.0,1014,296,740,164,0,4126.25
21,0,Biology,2938,358.5,340.0,1136.25,336,46,570,366,0,3152.75
23,0,Engineering,1120,261.0,125.0,1246.5,732,218,920,230,0,3732.5
24,0,Engineering,1054,432.0,436.25,1039.5,1026,290,920,250,0,4393.75
20,0,Biology,2330,382.5,165.0,1955.25,546,112,370,122,1,3652.75
25,0,Computer Science,1992,364.5,438.75,1721.25,888,62,580,352,0,4406.5
24,0,Engineering,1260,130.5,471.25,2072.25,1158,284,600,116,0,4832.0
19,0,Engineering,1084,355.5,415.0,1885.5,402,148,800,350,1,4356.0
19,1,Psychology,1296,322.5,333.75,1566.0,624,158,960,88,0,4052.25
22,1,Computer Science,1278,397.5,422.5,1041.75,480,102,800,274,1,3517.75
18,0,Engineering,1458,286.5,472.5,1507.5,732,290,940,202,0,4430.5
19,0,Computer Science,2042,286.5,352.5,1968.75,342,84,400,314,1,3747.75
23,0,Economics,2458,127.5,270.0,2144.25,510,286,370,370,1,4077.75
21,0,Engineering,1320,168.0,242.5,1230.75,354,196,230,128,1,2549.25
21,1,Computer Science,2686,433.5,297.5,1707.75,450,214,410,88,0,3600.75
25,0,Computer Science,1666,367.5,412.5,1181.25,300,224,890,310,0,3685.25
22,0,Computer Science,1110,96.0,442.5,1201.5,414,66,480,52,0,2752.0
22,0,Engineering,1082,432.0,330.0,920.25,474,118,430,66,1,2770.25
22,0,Economics,1496,162.0,486.25,1622.25,426,178,930,340,1,4144.5
21,1,Engineering,2954,142.5,370.0,1914.75,318,268,610,268,0,3891.25
22,0,Biology,2472,384.0,218.75,1739.25,870,244,600,338,1,4394.0
25,0,Biology,1184,420.0,171.25,2112.75,762,118,750,170,0,4504.0
25,1,Computer Science,1116,409.5,436.25,2013.75,534,90,830,286,1,4599.5
23,0,Engineering,1850,402.0,222.5,1746.0,636,210,390,216,1,3822.5
18,0,Computer Science,1438,166.5,390.0,1111.5,894,252,730,338,1,3882.0
24,1,Engineering,1962,153.0,251.25,1917.0,1002,236,720,220,0,4499.25
25,0,Economics,2762,385.5,336.25,1044.0,528,210,470,132,0,3105.75
18,0,Biology,1858,243.0,405.0,1383.75,438,300,580,154,0,3503.75
24,0,Biology,2490,142.5,318.75,1032.75,768,88,470,382,1,3202.0
20,1,Economics,1382,393.0,190.0,1683.0,318,236,910,142,1,3872.0
24,1,Psychology,2652,274.5,161.25,1917.0,996,182,850,282,0,4662.75
18,1,Psychology,2000,216.0,463.75,1257.75,624,140,630,210,0,3541.5
25,0,Computer Science,1184,412.5,148.75,1561.5,558,184,580,320,1,3764.75
22,0,Economics,2454,357.0,272.5,2139.75,1194,146,790,134,1,5033.25
20,1,Engineering,1150,211.5,472.5,1138.5,396,132,750,198,0,3298.5
19,1,Engineering,2596,331.5,277.5,999.0,1008,196,610,138,1,3560.0
23,0,Engineering,2282,162.0,151.25,1287.0,1104,82,550,172,0,3508.25
25,0,Biology,1406,417.0,368.75,1653.75,600,78,800,380,1,4297.5
23,1,Economics,1858,238.5,266.25,940.5,498,174,540,270,1,2927.25
23,1,Engineering,2830,445.5,185.0,1154.25,942,208,420,322,1,3676.75
18,1,Engineering,2718,369.0,328.75,2238.75,1158,64,230,240,1,4628.5
23,0,Biology,2324,169.5,323.75,1417.5,702,254,940,260,0,4066.75
18,1,Biology,1326,322.5,220.0,1422.0,534,114,610,214,0,3436.5
18,1,Economics,2864,397.5,280.0,2090.25,648,138,220,302,0,4075.75
20,0,Computer Science,1326,415.5,238.75,1563.75,882,46,730,358,1,4234.0
18,1,Economics,2654,235.5,453.75,2115.0,918,176,980,40,0,4918.25
22,0,Psychology,2090,313.5,336.25,1372.5,426,98,830,366,1,3742.25
21,0,Computer Science,1238,130.5,475.0,1784.25,534,270,360,168,0,3721.75
21,0,Economics,1630,361.5,443.75,974.25,504,178,670,82,0,3213.5
20,1,Biology,1456,439.5,190.0,2175.75,834,192,390,314,0,4535.25
21,0,Economics,1882,121.5,487.5,1624.5,810,262,690,76,1,4071.5
18,0,Psychology,2352,417.0,263.75,1885.5,360,242,210,328,0,3706.25
22,0,Computer Science,2184,226.5,233.75,1644.75,558,126,550,236,0,3575.0
18,1,Biology,2878,201.0,220.0,2016.0,516,126,520,258,1,3857.0
22,0,Economics,1632,135.0,437.5,1221.75,606,206,240,300,0,3146.25
18,0,Biology,2826,375.0,330.0,1028.25,426,254,540,240,0,3193.25
24,1,Biology,2152,250.5,167.5,1044.0,594,194,340,298,0,2888.0
21,1,Economics,1118,355.5,277.5,969.75,618,160,560,352,1,3292.75
23,0,Engineering,2288,268.5,476.25,911.25,780,212,940,100,1,3688.0
20,0,Psychology,2592,357.0,238.75,1039.5,414,186,510,204,0,2949.25
24,0,Engineering,1916,108.0,327.5,956.25,936,274,210,270,0,3081.75
25,0,Economics,1550,126.0,143.75,1530.0,1092,256,260,186,0,3593.75
25,0,Economics,2966,405.0,181.25,2182.5,1008,46,390,372,1,4584.75
19,0,Biology,2608,286.5,230.0,1464.75,612,296,670,100,1,3659.25
24,1,Biology,2800,441.0,448.75,1685.25,978,264,200,164,1,4181.0
24,0,Computer Science,2880,280.5,338.75,1707.75,450,154,660,142,1,3733.0
22,1,Economics,2920,397.5,388.75,1734.75,372,106,960,154,0,4113.0
20,1,Biology,2758,432.0,240.0,2085.75,714,274,590,66,1,4401.75
18,1,Computer Science,1884,309.0,135.0,2056.5,300,48,560,140,1,3548.5
25,1,Biology,1480,234.0,457.5,1064.25,498,124,330,156,0,2863.75
18,1,Psychology,2372,171.0,363.75,1217.25,666,84,490,262,0,3254.0
23,0,Biology,1462,351.0,185.0,1309.5,444,54,680,96,0,3119.5
20,0,Economics,2694,250.5,387.5,2191.5,588,70,430,74,0,3991.5
19,1,Biology,2170,442.5,198.75,1586.25,1092,264,660,108,0,4351.5
22,0,Biology,1330,348.0,188.75,2175.75,300,236,750,296,1,4294.5
22,0,Economics,2844,376.5,415.0,1491.75,888,260,610,234,0,4275.25
24,0,Biology,2732,219.0,486.25,2072.25,762,88,930,60,1,4617.5
21,1,Engineering,1428,276.0,186.25,1919.25,396,70,210,144,1,3201.5
25,0,Psychology,2518,339.0,250.0,1680.75,564,284,390,130,1,3637.75
19,1,Economics,1950,247.5,460.0,2106.0,1074,288,890,240,1,5305.5
24,1,Engineering,2840,262.5,188.75,1892.25,1140,40,970,142,0,4635.5
24,1,Engineering,1208,282.0,271.25,1246.5,396,244,320,300,0,3059.75
25,1,Economics,2500,138.0,156.25,1527.75,588,240,390,376,0,3416.0
20,1,Computer Science,1134,216.0,468.75,1894.5,576,224,470,96,1,3945.25
25,1,Computer Science,1092,355.5,357.5,2200.5,600,120,580,274,0,4487.5
18,1,Economics,2338,432.0,417.5,2241.0,498,156,560,360,1,4664.5
23,0,Economics,1668,447.0,437.5,1557.0,528,300,900,68,0,4237.5
19,1,Computer Science,2234,181.5,265.0,2115.0,522,278,410,316,1,4087.5
25,0,Economics,1354,328.5,391.25,1892.25,312,132,420,168,1,3644.0
20,1,Engineering,2866,168.0,408.75,2034.0,462,292,710,234,0,4308.75
20,1,Biology,1778,301.5,308.75,1179.0,492,204,920,60,1,3465.25
21,0,Biology,1340,273.0,482.5,1460.25,876,264,480,310,1,4145.75
19,0,Economics,1290,222.0,197.5,2034.0,414,120,980,144,1,4111.5
21,1,Psychology,2214,315.0,361.25,1620.0,744,70,510,336,1,3956.25
22,1,Psychology,1500,87.0,130.0,1266.75,1146,44,970,198,0,3841.75
21,0,Biology,1308,85.5,155.0,1804.5,336,82,560,392,1,3415.0
20,0,Psychology,2282,306.0,355.0,1566.0,498,126,460,110,0,3421.0
22,1,Biology,1622,189.0,375.0,1833.75,720,44,930,304,0,4395.75
23,1,Engineering,2904,222.0,396.25,1849.5,462,182,610,244,1,3965.75
20,0,Psychology,2510,285.0,500.0,1046.25,408,48,700,320,1,3307.25
24,1,Computer Science,1474,298.5,378.75,1755.0,666,124,940,114,0,4276.25
25,0,Engineering,2838,171.0,275.0,999.0,888,130,290,70,0,2823.0
23,0,Computer Science,1630,247.5,165.0,1003.5,990,116,990,222,0,3734.0
25,0,Engineering,2068,382.5,297.5,1163.25,660,172,770,112,0,3557.25
24,0,Computer Science,2044,247.5,173.75,929.25,1002,150,570,86,1,3158.5
23,1,Biology,2682,205.5,375.0,1156.5,732,80,610,200,0,3359.0
20,1,Engineering,1998,342.0,336.25,1140.75,714,198,490,106,1,3327.0
21,0,Psychology,2436,279.0,350.0,1539.0,786,206,850,252,1,4262.0
24,0,Economics,2664,118.5,498.75,1791.0,1194,108,860,258,0,4828.25
20,0,Biology,1806,135.0,398.75,1795.5,360,202,240,340,1,3471.25
25,0,Biology,1864,285.0,431.25,1062.0,366,238,690,80,1,3152.25
21,1,Biology,1268,157.5,417.5,1741.5,1158,166,460,300,0,4400.5
25,0,Biology,1106,225.0,175.0,1656.0,408,198,330,398,0,3390.0
21,0,Economics,1094,372.0,240.0,1147.5,738,114,280,244,0,3135.5
18,0,Computer Science,1734,348.0,400.0,2124.0,990,192,730,366,0,5150.0
20,0,Economics,1726,340.5,463.75,2173.5,396,234,320,166,1,4093.75
25,0,Biology,1206,372.0,288.75,945.0,756,148,320,386,1,3215.75
21,1,Computer Science,2960,381.0,323.75,1797.75,600,186,660,110,1,4058.5
18,0,Engineering,1044,426.0,217.5,1588.5,480,180,610,362,1,3864.0
22,1,Biology,2752,88.5,165.0,1035.0,954,176,380,152,0,2950.5
22,0,Computer Science,2390,111.0,143.75,1023.75,702,258,930,380,1,3548.5
24,1,Psychology,2446,202.5,160.0,1847.25,300,192,670,392,1,3763.75
21,1,Computer Science,1226,106.5,273.75,1876.5,342,178,390,186,0,3352.75
25,0,Engineering,1688,345.0,223.75,1890.0,1134,256,740,262,1,4850.75
24,1,Computer Science,1240,433.5,415.0,1633.5,864,184,240,254,0,4024.0
22,0,Psychology,1966,87.0,142.5,2200.5,618,246,720,126,0,4140.0
25,0,Biology,1992,172.5,396.25,1170.0,726,94,890,162,1,3610.75
18,0,Engineering,2212,390.0,206.25,1982.25,996,46,320,68,0,4008.5
23,1,Engineering,2064,100.5,455.0,2220.75,1056,148,520,134,0,4634.25
20,1,Biology,2838,117.0,326.25,1458.0,906,110,310,144,0,3371.25
22,0,Economics,1220,208.5,372.5,1064.25,984,90,670,226,0,3615.25
19,1,Economics,2898,439.5,136.25,1991.25,342,140,900,66,0,4015.0
25,0,Engineering,2540,436.5,357.5,1089.0,792,276,480,82,1,3513.0
18,0,Computer Science,1540,210.0,341.25,1831.5,330,268,610,78,1,3668.75
25,1,Psychology,1822,247.5,422.5,1300.5,732,50,870,188,0,3810.5
18,1,Biology,2606,373.5,302.5,1577.25,1098,206,790,104,1,4451.25
19,0,Engineering,2734,265.5,465.0,1017.0,972,58,660,310,1,3747.5
25,1,Computer Science,1018,421.5,303.75,1752.75,918,216,520,384,0,4516.0
22,0,Engineering,1608,298.5,191.25,2007.0,1038,64,840,92,0,4530.75
23,1,Computer Science,2536,322.5,255.0,2020.5,1122,226,810,114,1,4870.0
22,1,Engineering,2984,412.5,346.25,1851.75,1116,282,610,68,0,4686.5
23,1,Biology,2804,220.5,401.25,2034.0,828,228,330,358,0,4399.75
24,0,Psychology,1346,385.5,443.75,1840.5,618,70,470,96,1,3923.75
22,1,Biology,2348,262.5,411.25,958.5,1146,58,340,342,0,3518.25
20,1,Biology,1270,342.0,242.5,2180.25,1176,162,680,370,1,5152.75
23,0,Engineering,1584,108.0,280.0,1419.75,600,146,280,280,1,3113.75
22,1,Biology,1996,405.0,188.75,1271.25,426,156,980,250,1,3677.0
21,1,Biology,1732,378.0,333.75,1739.25,600,64,260,164,0,3539.0
23,1,Biology,2816,393.0,278.75,2036.25,1008,248,310,378,0,4652.0
25,1,Biology,1464,367.5,493.75,1669.5,924,260,730,160,1,4604.75
18,1,Engineering,2214,319.5,180.0,1660.5,786,106,380,94,0,3526.0
24,1,Engineering,2330,186.0,416.25,1932.75,1176,218,490,58,0,4477.0
19,1,Computer Science,2632,339.0,137.5,1410.75,1110,50,340,270,0,3657.25
21,1,Psychology,2942,361.5,390.0,1939.5,1080,140,900,242,0,5053.0
18,0,Psychology,1072,277.5,468.75,1120.5,768,126,970,72,0,3802.75
21,0,Economics,2090,369.0,196.25,2108.25,984,50,290,154,1,4151.5
24,1,Biology,1218,115.5,491.25,2101.5,408,66,960,372,1,4514.25
20,0,Psychology,1162,126.0,132.5,1743.75,516,44,680,344,1,3586.25
20,1,Biology,2212,346.5,162.5,1037.25,1050,270,370,336,1,3572.25
22,0,Psychology,2632,402.0,477.5,1534.5,414,124,950,44,0,3946.0
19,0,Computer Science,1148,444.0,465.0,1361.25,492,78,420,266,0,3526.25
19,0,Biology,2230,421.5,382.5,1084.5,966,300,760,386,1,4300.5
25,0,Engineering,2514,369.0,466.25,1820.25,882,156,360,394,1,4447.5
23,0,Economics,2138,139.5,272.5,1131.75,498,144,650,288,0,3123.75
22,1,Biology,1514,379.5,448.75,1617.75,414,290,480,158,0,3788.0
21,1,Psychology,1588,333.0,463.75,2043.0,438,206,410,218,0,4111.75
22,0,Computer Science,2278,382.5,445.0,2009.25,756,40,650,50,0,4332.75
23,0,Engineering,1196,136.5,347.5,929.25,780,176,600,54,0,3023.25
21,1,Economics,1028,84.0,493.75,1111.5,552,208,660,270,1,3379.25
23,0,Psychology,2958,358.5,430.0,2160.0,618,126,950,370,1,5012.5
24,1,Biology,1266,402.0,315.0,1541.25,768,214,740,46,1,4026.25
25,1,Biology,2874,411.0,357.5,2117.25,624,200,210,376,1,4295.75
22,0,Biology,2270,130.5,462.5,1784.25,690,186,360,82,0,3695.25
21,1,Engineering,2866,280.5,391.25,1872.0,738,268,620,204,0,4373.75
20,1,Computer Science,1648,336.0,311.25,1210.5,762,144,760,366,1,3889.75
24,0,Psychology,1934,384.0,355.0,2155.5,642,258,850,90,1,4734.5
25,0,Economics,2252,339.0,428.75,911.25,954,196,240,320,1,3389.0
21,1,Psychology,1770,361.5,170.0,1872.0,396,246,660,106,0,3811.5
25,1,Psychology,1050,288.0,448.75,1507.5,888,76,560,172,1,3940.25
20,0,Psychology,2018,204.0,327.5,1572.75,702,48,670,90,1,3614.25
18,0,Psychology,2956,168.0,450.0,2153.25,462,44,500,184,1,3961.25
19,0,Computer Science,1094,279.0,395.0,1451.25,348,240,540,238,1,3491.25
22,1,Psychology,1098,123.0,380.0,1685.25,1002,284,1000,306,1,4780.25
25,1,Engineering,2652,109.5,256.25,1651.5,546,190,710,280,1,3743.25
21,0,Psychology,1522,384.0,468.75,1336.5,318,110,410,70,0,3097.25
25,1,Computer Science,2688,256.5,291.25,1820.25,1002,166,600,308,0,4444.0
22,0,Biology,1790,265.5,428.75,1026.0,942,246,750,278,1,3936.25
23,0,Economics,2072,448.5,497.5,983.25,804,138,550,246,1,3667.25
22,1,Computer Science,1328,204.0,295.0,938.25,450,262,600,232,0,2981.25
22,1,Computer Science,2806,223.5,203.75,2164.5,774,70,920,228,0,4583.75
23,0,Engineering,2188,147.0,302.5,1399.5,540,206,770,380,0,3745.0
24,1,Computer Science,1578,229.5,257.5,1878.75,768,274,770,270,1,4447.75
25,1,Biology,1174,424.5,363.75,1793.25,1026,178,260,238,0,4283.5
23,0,Biology,1018,376.5,407.5,1365.75,936,276,450,118,1,3929.75
19,0,Computer Science,2764,345.0,253.75,1919.25,1080,66,550,244,0,4458.0
25,0,Engineering,2602,358.5,151.25,1494.0,690,252,480,228,1,3653.75
23,0,Engineering,1554,291.0,335.0,1136.25,1086,158,600,130,1,3736.25
19,0,Psychology,1010,168.0,161.25,1548.0,858,260,890,162,0,4047.25
24,1,Engineering,1732,390.0,342.5,1701.0,1086,282,470,134,0,4405.5
19,0,Biology,2658,162.0,346.25,1881.0,552,54,670,174,1,3839.25
20,1,Economics,2744,396.0,177.5,1136.25,864,40,640,148,0,3401.75
24,0,Economics,2008,445.5,418.75,1739.25,708,166,880,318,0,4675.5
23,1,Biology,2830,256.5,138.75,1980.0,1002,180,780,250,0,4587.25
20,1,Psychology,1278,129.0,282.5,1755.0,720,112,230,286,1,3514.5
19,0,Economics,2794,190.5,322.5,1242.0,738,122,210,372,0,3197.0
18,1,Economics,1870,84.0,160.0,1629.0,732,78,530,268,1,3481.0
18,1,Computer Science,1764,94.5,245.0,1129.5,918,262,800,172,0,3621.0
20,1,Psychology,2796,247.5,333.75,1944.0,1086,298,620,388,1,4917.25
24,1,Biology,2922,429.0,171.25,1167.75,762,230,290,254,0,3304.0
24,0,Engineering,2860,202.5,420.0,1534.5,534,152,660,190,1,3693.0
22,1,Biology,1906,91.5,185.0,2079.0,336,66,700,66,0,3523.5
19,0,Psychology,2912,196.5,170.0,1431.0,1062,224,280,256,1,3619.5
22,1,Computer Science,1784,85.5,287.5,983.25,510,98,270,398,1,2632.25
20,0,Psychology,1078,322.5,497.5,1012.5,642,102,520,316,1,3412.5
25,0,Economics,2048,238.5,410.0,1795.5,672,138,240,174,0,3668.0
22,1,Biology,2810,100.5,351.25,1759.5,312,138,770,392,1,3823.25
21,0,Biology,1382,204.0,427.5,1075.5,348,130,750,272,1,3207.0
19,1,Biology,2314,255.0,351.25,2220.75,462,54,870,136,1,4349.0
21,0,Computer Science,1110,310.5,377.5,1590.75,1170,282,910,134,1,4774.75
25,1,Biology,2490,289.5,356.25,2022.75,594,212,760,116,1,4350.5
25,0,Biology,2454,370.5,456.25,1707.75,822,194,560,346,1,4456.5
18,1,Biology,1650,402.0,366.25,902.25,450,48,360,250,1,2778.5
18,1,Economics,2718,274.5,353.75,902.25,1140,120,780,390,1,3960.5
22,0,Economics,1112,261.0,207.5,1876.5,780,172,460,290,1,4047.0
20,0,Biology,2220,180.0,500.0,1318.5,372,108,300,334,1,3112.5
21,0,Engineering,1036,193.5,196.25,1761.75,582,244,200,230,1,3407.5
19,0,Engineering,1864,276.0,198.75,1874.25,504,126,800,358,1,4137.0
22,1,Computer Science,1366,411.0,126.25,1948.5,930,262,810,42,1,4529.75
24,0,Economics,2794,325.5,173.75,1433.25,498,110,480,142,0,3162.5
24,1,Biology,2402,145.5,175.0,1944.0,498,170,890,282,0,4104.5
22,1,Psychology,2804,180.0,476.25,1993.5,1158,128,680,236,1,4851.75
25,0,Economics,1688,163.5,275.0,2047.5,426,150,910,246,0,4218.0
19,1,Biology,2732,360.0,380.0,1381.5,978,254,830,304,0,4487.5
19,0,Biology,1846,382.5,478.75,1167.75,660,72,310,246,0,3317.0
21,1,Biology,1084,283.5,371.25,2220.75,960,300,260,172,0,4567.5
23,1,Biology,2260,393.0,125.0,933.75,960,196,320,298,0,3225.75
23,1,Biology,1696,151.5,216.25,2137.5,1002,216,290,256,1,4269.25
19,1,Engineering,2044,378.0,370.0,2209.5,438,298,790,324,0,4807.5
23,0,Economics,2378,375.0,237.5,1365.75,312,280,630,372,0,3572.25
18,1,Economics,1542,442.5,236.25,1847.25,1038,120,380,374,1,4438.0
25,1,Computer Science,2560,123.0,257.5,1525.5,324,98,850,58,0,3236.0
21,0,Biology,1866,409.5,372.5,1644.75,738,44,200,256,0,3664.75
24,1,Computer Science,2514,450.0,150.0,1080.0,642,68,460,390,1,3240.0
24,1,Computer Science,2626,318.0,453.75,1901.25,1140,138,370,158,0,4479.0
21,0,Engineering,2068,204.0,412.5,1705.5,1074,298,630,72,1,4396.0
19,0,Psychology,1338,255.0,418.75,1667.25,468,138,680,332,1,3959.0
19,1,Computer Science,1456,208.5,228.75,2182.5,1068,58,630,350,1,4725.75
18,0,Economics,1138,292.5,468.75,1642.5,708,192,270,272,1,3845.75
19,0,Engineering,1920,409.5,201.25,1509.75,768,80,890,344,0,4202.5
18,0,Computer Science,2576,129.0,238.75,2209.5,390,214,800,268,0,4249.25
22,1,Engineering,1112,247.5,131.25,1550.25,870,266,710,196,0,3971.0
23,0,Engineering,2826,399.0,482.5,1881.0,1164,58,990,316,0,5290.5
25,0,Biology,1914,298.5,407.5,2076.75,900,98,880,156,0,4816.75
24,0,Engineering,2168,418.5,441.25,1170.0,534,40,680,256,1,3539.75
22,0,Psychology,2540,118.5,380.0,1257.75,960,190,990,378,1,4274.25
24,1,Computer Science,1690,229.5,162.5,1784.25,306,154,470,126,1,3232.25
21,1,Economics,2846,177.0,390.0,987.75,942,112,430,258,0,3296.75
19,0,Engineering,1366,124.5,165.0,1446.75,1116,62,680,192,0,3786.25
21,0,Psychology,2618,175.5,378.75,2189.25,1182,74,640,284,1,4923.5
25,0,Economics,1776,112.5,207.5,1813.5,726,296,690,142,1,3987.5
24,0,Psychology,2992,300.0,265.0,1440.0,840,44,690,140,1,3719.0
25,0,Economics,1930,105.0,363.75,1658.25,528,140,340,128,0,3263.0
20,1,Biology,2658,393.0,292.5,1858.5,786,284,300,80,0,3994.0
21,1,Engineering,2042,250.5,293.75,1899.0,594,230,530,380,1,4177.25
18,0,Biology,1002,108.0,186.25,1377.0,852,116,360,88,1,3087.25
21,1,Engineering,2446,363.0,160.0,1802.25,942,270,360,104,1,4001.25
19,0,Psychology,2990,123.0,285.0,2205.0,756,78,720,380,0,4547.0
25,0,Engineering,1724,396.0,422.5,1293.75,324,78,600,392,0,3506.25
25,0,Economics,2074,420.0,491.25,2011.5,1056,146,210,392,0,4726.75
19,0,Engineering,1010,375.0,483.75,1878.75,1086,186,910,342,0,5261.5
24,1,Psychology,2386,138.0,150.0,1712.25,450,208,280,232,0,3170.25
18,1,Psychology,2904,264.0,408.75,1318.5,390,64,400,116,1,2961.25
24,0,Psychology,2844,238.5,186.25,2007.0,690,266,900,294,0,4581.75
25,0,Biology,1434,153.0,442.5,1566.0,630,52,950,156,0,3949.5
24,1,Economics,2666,288.0,296.25,1050.75,1098,228,790,82,1,3833.0
24,1,Psychology,1956,274.5,301.25,1444.5,876,60,760,42,0,3758.25
25,0,Biology,2282,225.0,496.25,2083.5,726,244,690,240,1,4704.75
22,0,Biology,2798,126.0,275.0,1525.5,558,288,490,180,1,3442.5
24,0,Psychology,2400,193.5,412.5,1750.5,306,48,750,306,0,3766.5
21,0,Economics,2106,420.0,177.5,999.0,834,68,560,294,1,3352.5
25,0,Biology,2236,201.0,157.5,1332.0,894,148,480,262,0,3474.5
21,0,Biology,2188,75.0,171.25,1667.25,1032,294,960,112,1,4311.5
21,1,Psychology,2504,103.5,306.25,1192.5,756,294,520,48,1,3220.25
18,0,Psychology,1372,397.5,297.5,1620.0,1146,78,580,164,1,4283.0
18,0,Economics,1026,271.5,210.0,1815.75,966,96,260,116,0,3735.25
25,0,Biology,2348,226.5,186.25,1797.75,978,276,300,86,0,3850.5
24,1,Psychology,2448,115.5,261.25,2054.25,606,170,970,222,0,4399.0
23,0,Biology,1950,424.5,163.75,1730.25,804,130,910,158,1,4320.5
18,0,Engineering,2870,130.5,276.25,1894.5,834,272,680,108,1,4195.25
22,0,Engineering,1788,381.0,466.25,1615.5,864,278,820,396,1,4820.75
21,0,Economics,2336,289.5,218.75,1433.25,1176,104,900,356,0,4477.5
25,0,Computer Science,2964,289.5,242.5,1215.0,750,286,780,398,1,3961.0
19,0,Psychology,2770,106.5,498.75,1017.0,1020,290,370,308,1,3610.25
20,0,Computer Science,2952,376.5,281.25,1818.0,438,44,950,356,1,4263.75
22,1,Economics,1624,76.5,243.75,1748.25,522,142,480,116,1,3328.5
18,0,Psychology,2382,246.0,408.75,1514.25,372,266,260,304,0,3371.0
20,0,Economics,2880,196.5,168.75,1181.25,852,68,270,244,0,2980.5
24,1,Biology,2894,147.0,293.75,913.5,678,226,500,66,1,2824.25
21,1,Computer Science,2060,130.5,125.0,1813.5,594,92,380,182,1,3317.0
23,1,Engineering,2068,406.5,476.25,1255.5,696,134,440,368,0,3776.25
20,1,Economics,2812,429.0,378.75,2175.75,564,122,610,124,1,4403.5
21,1,Biology,2172,256.5,476.25,1361.25,318,258,240,134,0,3044.0
25,1,Psychology,2668,240.0,255.0,1786.5,774,278,370,134,1,3837.5
25,1,Engineering,1014,234.0,226.25,1687.5,642,158,270,174,0,3391.75
21,0,Engineering,2966,325.5,500.0,1030.5,540,268,500,84,1,3248.0
20,1,Economics,1776,361.5,258.75,1212.75,1092,142,410,96,0,3573.0
23,0,Economics,2408,412.5,207.5,1959.75,720,174,770,42,0,4285.75
23,0,Economics,2094,382.5,201.25,1500.75,1182,106,960,336,0,4668.5
21,0,Psychology,2558,231.0,420.0,1833.75,816,290,810,372,1,4772.75
19,1,Economics,1226,226.5,386.25,1399.5,594,188,360,282,1,3436.25
18,0,Computer Science,2560,178.5,140.0,1125.0,594,134,700,218,0,3089.5
25,0,Economics,1392,130.5,322.5,1068.75,972,134,680,264,1,3571.75
20,1,Economics,2382,253.5,337.5,1071.0,912,258,1000,314,1,4146.0
24,1,Biology,2574,369.0,315.0,1109.25,588,72,700,228,1,3381.25
23,1,Engineering,2782,157.5,336.25,1568.25,648,290,430,288,0,3718.0
23,1,Economics,2690,343.5,216.25,1543.5,792,230,400,114,0,3639.25
19,1,Computer Science,2688,193.5,416.25,1266.75,852,222,470,306,0,3726.5
23,0,Economics,1558,447.0,488.75,1971.0,564,68,340,214,1,4092.75
23,1,Economics,2246,349.5,462.5,2097.0,846,182,610,374,1,4921.0
22,0,Economics,2076,105.0,457.5,2090.25,798,186,900,212,0,4748.75
22,1,Computer Science,1190,436.5,138.75,1287.0,474,48,710,396,1,3490.25
25,0,Engineering,2690,405.0,356.25,1397.25,606,230,550,214,0,3758.5
19,1,Computer Science,1068,159.0,463.75,1170.0,1176,150,560,244,0,3922.75
24,0,Computer Science,2352,201.0,306.25,1883.25,558,156,810,80,0,3994.5
20,0,Biology,1672,133.5,303.75,942.75,894,144,520,286,1,3224.0
18,1,Biology,2094,318.0,448.75,1395.0,1170,126,940,96,0,4493.75
24,1,Engineering,1730,426.0,201.25,2106.0,690,122,1000,326,1,4871.25
18,0,Psychology,2296,406.5,272.5,1379.25,954,184,670,372,1,4238.25
21,1,Engineering,1392,147.0,243.75,1597.5,798,108,660,394,0,3948.25
19,1,Economics,1556,274.5,497.5,1255.5,1026,142,520,276,1,3991.5
22,1,Psychology,2280,354.0,347.5,1496.25,1098,220,220,44,1,3779.75
22,1,Computer Science,1114,403.5,140.0,1928.25,948,80,780,292,0,4571.75
24,0,Computer Science,1896,121.5,331.25,2146.5,1086,118,710,66,1,4579.25
24,1,Engineering,2498,168.0,138.75,1469.25,1092,184,840,392,1,4284.0
24,0,Economics,2184,163.5,300.0,1728.0,948,222,330,116,0,3807.5
20,1,Computer Science,1434,142.5,380.0,1005.75,1164,142,490,206,1,3530.25
19,1,Computer Science,1714,430.5,318.75,1095.75,570,62,460,148,0,3085.0
18,1,Biology,2042,147.0,277.5,1129.5,966,160,730,170,0,3580.0
22,1,Psychology,2112,334.5,347.5,1341.0,1074,94,870,102,1,4163.0
25,0,Economics,1516,93.0,126.25,1201.5,456,130,270,52,1,2328.75
21,0,Economics,1306,354.0,420.0,1116.0,504,230,340,250,0,3214.0
21,0,Computer Science,1286,78.0,338.75,1784.25,1092,110,990,182,1,4575.0
25,0,Engineering,1336,414.0,433.75,1469.25,528,146,950,70,0,4011.0
25,1,Psychology,1290,103.5,311.25,2115.0,378,122,400,150,1,3579.75
20,1,Psychology,2040,252.0,187.5,918.0,972,258,980,348,0,3915.5
20,0,Computer Science,2256,448.5,337.5,1354.5,390,286,580,284,0,3680.5
22,0,Economics,2372,240.0,173.75,1795.5,354,218,210,64,1,3055.25
23,1,Psychology,1056,223.5,261.25,2000.25,816,210,800,146,1,4457.0
25,0,Computer Science,1548,274.5,203.75,1415.25,450,78,330,250,0,3001.5
22,0,Economics,2472,126.0,342.5,1350.0,690,110,230,78,1,2926.5
24,1,Biology,1876,118.5,237.5,2088.0,390,222,450,342,1,3848.0
22,0,Computer Science,2338,363.0,130.0,1143.0,954,60,780,390,1,3820.0
25,0,Computer Science,2122,237.0,312.5,2135.25,828,114,200,206,1,4032.75
24,0,Economics,1028,237.0,451.25,1138.5,504,264,490,198,0,3282.75
19,0,Engineering,2030,181.5,461.25,1860.75,882,174,490,148,1,4197.5
18,0,Computer Science,1486,144.0,278.75,1633.5,630,146,370,150,1,3352.25
21,0,Engineering,1826,297.0,335.0,1606.5,528,174,310,354,0,3604.5
24,1,Engineering,2284,187.5,330.0,1950.75,996,198,690,270,1,4622.25
25,1,Psychology,1736,91.5,385.0,996.75,720,140,960,254,1,3547.25
19,1,Engineering,2928,196.5,446.25,1102.5,522,194,670,270,0,3401.25
21,1,Psychology,2520,289.5,305.0,1797.75,372,214,620,260,0,3858.25
19,0,Computer Science,2652,93.0,215.0,1019.25,522,224,700,64,0,2837.25
18,1,Computer Science,2438,444.0,418.75,1575.0,912,196,860,54,0,4459.75
19,0,Computer Science,2076,394.5,258.75,1296.0,552,108,260,330,1,3199.25
25,0,Biology,2836,327.0,462.5,2196.0,702,178,890,120,1,4875.5
18,1,Engineering,2770,114.0,316.25,1525.5,714,226,500,338,1,3733.75
23,1,Computer Science,1106,318.0,380.0,2160.0,810,210,540,366,1,4784.0
20,0,Economics,2026,286.5,457.5,1811.25,372,270,600,344,1,4141.25
18,1,Engineering,2038,168.0,308.75,1863.0,390,116,920,252,1,4017.75
24,1,Computer Science,1338,90.0,332.5,1863.0,354,258,270,330,0,3497.5
19,1,Computer Science,1866,352.5,463.75,1755.0,480,168,820,340,1,4379.25
20,1,Psychology,2332,357.0,205.0,1188.0,702,254,560,216,0,3482.0
25,0,Economics,2394,279.0,310.0,1433.25,1116,164,580,54,1,3936.25
19,1,Biology,1946,285.0,142.5,1248.75,558,242,700,356,0,3532.25
23,1,Computer Science,2762,145.5,213.75,1453.5,852,218,830,380,0,4092.75
22,0,Psychology,2164,363.0,345.0,1199.25,786,218,210,364,1,3485.25
23,0,Engineering,2320,76.5,131.25,1822.5,1092,52,640,210,0,4024.25
22,1,Computer Science,2022,447.0,490.0,1068.75,1122,198,730,62,0,4117.75
20,1,Psychology,2824,204.0,381.25,996.75,714,240,410,182,1,3128.0
24,0,Psychology,2782,129.0,170.0,1698.75,330,124,660,46,0,3157.75
20,0,Economics,2586,130.5,486.25,978.75,1152,46,640,274,1,3707.5
20,0,Psychology,2760,138.0,346.25,1662.75,1122,288,690,42,1,4289.0
22,0,Psychology,1528,102.0,483.75,1325.25,366,92,960,170,1,3499.0
22,1,Biology,2692,226.5,190.0,2180.25,1164,84,380,326,0,4550.75
19,1,Biology,2814,309.0,331.25,1143.0,312,80,980,270,1,3425.25
20,0,Economics,1914,103.5,423.75,1626.75,834,224,460,56,1,3728.0
22,1,Economics,2348,300.0,296.25,1221.75,738,258,900,130,1,3844.0
24,1,Computer Science,1082,322.5,337.5,1370.25,1146,278,430,290,0,4174.25
